ah.duros = Bruno Garcia <ah.duros@gmail.com>
ah.duros@gmail.com = Bruno Garcia <ah.duros@gmail.com>
fnicaise = François Nicaise <fnicaise@thinkslow.org>
franco = Franco Ponticelli <franco.ponticelli@gmail.com>
franco.ponticelli = Franco Ponticelli <franco.ponticelli@gmail.com>
gamehaxe = Hugh <gamehaxe@gmail.com>
gamehaxe@gmail.com = Hugh <gamehaxe@gmail.com>
hugh = Hugh <gamehaxe@gmail.com>
(no author) = Unknown <no-reply@example.com>
lbedubourg = Laurent Bedubourg <lbedubourg@gmail.com>
ncannasse = Nicolas Cannasse <ncannasse@motion-twin.com>
pperidont = Unknown <no-reply@example.com>
test = Unknown <no-reply@example.com>
waneck@gmail.com = Cauê Waneck <waneck@gmail.com>
simon.krajewski@simn.de = Simon Krajewski <simon.krajewski@simn.de>